hasselback,our_name
Aachen,RWTH Aachen
Aachen Univ (RWTH),RWTH Aachen
Aachen Univ of Technology,RWTH Aachen
Aarhus,Aarhus University
Aberdeen,University of Aberdeen
Aberystwyt,Aberystwyth University
Abilene Christian Univ,Abilene Christian University
Acad Sci,
Academy,University Academy
Acadia University,Acadia University
Adams State College,Adams State University
Adelaide,University of Adelaide
Adelphi,Adelphi University
Adelphi University,Adelphi University
Adrian College,Adrian College
AGSM,Australian Graduate School of Management
Ain Shams,Ain Shams University
AIT,Asian Institute of Technology
Aix-Museil,University of Aix-Marseille II
Aixlmars,University of Aix-Marseille II
Ajou,Ajou University
Ajou University,Ajou University
Akron,University of Akron
Al-Birm,"University of Alabama, Birmingham"
Al-Huntsv,"University of Alabama, Huntsville"
Alabama,University of Alabama
Alabama A&M University,Alabama A&M University
Alabama State University,Alabama State University
Alaska Pacific University,Alaska Pacific University
Albany,University at Albany
Albany State University,Albany State University
Alberta,University of Alberta
Albion College,Albion College
Albright College,Albright College
Alcorn State University,Alcorn State University
Alexandria,Alexandria University
Alfred University,Alfred University
Allegheny College,Allegheny College
Alliant University,Alliant International University
Alma College,Alma College
Alx Marsei,University of Aix-Marseille II
Am Comm,
Am London,American University of London
Am World,American World University
American,American College
American College,American College
American Grad Sch Intl Mgt,Thunderbird School of Global Management
American International Coll,Thunderbird School of Global Management
American University,American University
Amherst,Amherst College
Amherst College,Amherst College
AmLondon,American University of London
Amsterda,University of Amsterdam
Amsterdam,University of Amsterdam
Amsterdm,University of Amsterdam
Anderson University,Anderson University
Andhra,Andhra University
Andrews,Andrews University
Andrews University,Andrews University
Angelo State University,Angelo State University
Antwerp,
ANU,Australian National University
Anu,Australian National University
Appalachian State Univ,Appalachian State University
Aquinas College,Aquinas College
Arcadia University,Arcadia University
Ariz St,Arizona State University
Arizona,University of Arizona
Arizona St U - West,Arizona State University
Arizona State Univ West,Arizona State University
Arizona State Univ West Phoenix,Arizona State University
Arizona State University,Arizona State University
Arizona State University Tempe,Arizona State University
Arkansas,University of Arkansas
Arkansas State University,Arkansas State University
Arkansas Tech University,Arkansas Tech University
Armstromg Atlantic St Univ,Armstrong State University
Ashland University,Ashland University
Assumption College,Assumption College
Aston,Aston University
Aston UK,Aston University
Athabasca University,Athabasca University
Athens,Athens State University
Athens State University,Athens State University
Athens Univ of Econ & Bus,Athens University of Economics and Business
Atlanta,Clark Atlanta University
Aub-Mont,Auburn University at Montgomery
Auburn,Auburn University
Auburn U at Montgomery,Auburn University at Montgomery
Auburn Univ Montgomery,Auburn University at Montgomery
"Auburn Univ, Montgomery",Auburn University at Montgomery
Auburn University,Auburn University
Auckland,University of Auckland
Augsburg College,Augsburg University
Augusta College,Augusta State University
Augusta State University,Augusta State University
Augustana College IL,Augustana College
Augustana College SD,Augustana University
Aurora University,Aurora University
Austin Peay State University,Austin Peay State University
Austr Natl,Australian National University
Australian Grad Sch Mgt,Australian Graduate School of Management
Australian National Univ,Australian National University
Automoma,Autonomous University of Madrid
Azusa Pacific University,Azusa Pacific University
Babson College,Babson College
Baldwin-Wallace College,Baldwin-Wallace College
Ball St,Ball State University
Ball State University,Ball State University
Bangor,Bangor University
Barcelon,University of Barcelona
Barcelona,University of Barcelona
Barnard College,Barnard College
Barry University,Barry University
Barth,University of Bath
Barton College,Barton College
Baruch,"CUNY, Baruch College"
Bates College,Bates College
Bath,University of Bath
Baylor,Baylor University
Baylor University,Baylor University
Beaver College,Beaver College
Belgrade,University of Belgrade
Belhaven College,Belhaven College
Bellarmine College,Bellarmine College
Bellarmine University,Bellarmine College
Bellevue University,Bellevue University
Belmont University,Belmont University
Bemidji State University,Bemidji State University
Benedict College,Benedict College
Benedict College Columbia,Benedict College
Benedictine College,Benedictine College
Benedictine College Atchison,Benedictine College
Benedictine University,Benedictine University
Benedictine University Lisle,Benedictine University
BenGurion,Ben Gurion University of the Negev
Bentley College,Bentley College
Bentley College Waltham,Bentley College
Berea College,Berea College
Bergen,
Berkeley,"University of California, Berkeley"
Berlin,Humboldt University of Berlin
Berry College,Berry College
Bethel College,Bethel University (Minnesota)
Bethel College-MN,Bethel University (Minnesota)
Bethune-Cookman College,Bethune-Cookman College
Bihar,
Bilkent,Bilkent University
Biola University,Biola University
Birkbeck,Birkbeck College
Birm Eng,University of Birmingham
Birm UK,University of Birmingham
Birmingh,University of Birmingham
Birmingham-Southern Coll,Birmingham-Southern College
Birmingham-Southern College,Birmingham-Southern College
Birminghm,University of Birmingham
Birmingm,University of Birmingham
Bishop's University,Bishop's University
Bloomfield College,Bloomfield College
Bloomsburg Univ of Penn,Bloomsburg University of Pennsylvania
Bloomsburg University,Bloomsburg University of Pennsylvania
Bluefield State College,Bluefield State College
Bluffton College,Bluffton College
Bogazici,Bogazici University
Bogazici University,Bogazici University
Boise State University,Boise State University
Bombay,
Bond,Bond University
Bond University,Bond University
Bonn,University of Bonn
Bordeaux,University of Bordeaux
Boston,Boston University
Boston C,Boston College
Boston College,Boston College
Boston U,Boston University
Boston University,Boston University
Bournemo,Bournemouth University
Bournemouth University,Bournemouth University
Bowdoin College,Bowdoin College
Bowl Gr,Bowling Green State University
Bowling Green State Univ,Bowling Green State University
Bradford,University of Bradford
Bradley University,Bradley University
Brandeis,Brandeis University
Brandeis University,Brandeis University
Bremen,University of Bremen
Brescia University,Brescia University
Brigham Young Univ-Hawaii,"Brigham Young University, Hawaii"
Brigham Young University,Brigham Young University
Brighm Yg,Brigham Young University
Bristol,University of Bristol
Brit Colum,University of British Columbia
Brock University,Brock University
Brown,Brown University
Brown University,Brown University
Brunel,Brunel University
Brussels,Brussels University
Bruxelle,Brussels University
Bryant College,Bryant College
Bryant University,Bryant College
Bryn Mawr,Bryn Mawr College
Bryn Mawr College,Bryn Mawr College
Bucknell University,Bucknell University
Buena Vista University,Buena Vista University
Buffalo State College,Buffalo State College
Butler University,Butler University
Ca-Davis,"University of California, Davis"
Ca-Irvine,"University of California, Irvine"
Ca-Rivers,"University of California, Riverside"
Ca-SanCrz,"University of California, Santa Cruz"
Ca-SnBarb,"University of California, Santa Barbara"
Ca-SnCruz,"University of California, Santa Cruz"
Ca-SnDgo,"University of California, San Diego"
Cairo,
Cal Coast,California Coast University
Cal Int Te,California Institute of Technology
Cal Poly State U-SLO,California Polytechnic State University
Cal Polytechnic State U-SLO,California Polytechnic State University
Cal Tech,California Institute of Technology
Cal Wes,Calwest University
Cal West,Calwest University
Calgary,University of Calgary
Calif,University of California
Calif Polytechnic State U,California Polytechnic State University
Calif St U-Dominguez Hills,"California State University, Dominguez Hills"
Calif St U-San Bernardino,"California State University, San Bernardino"
"Calif St U, San Bernardino","California State University, San Bernardino"
Calif State Poly U-Pomona,"California State Polytechnic University, Pomona"
Calif State U - San Marcos,"California State University, San Marcos"
Calif State U-Los Angeles,"California State University, Los Angeles"
"Calif State U, Los Angeles","California State University, Los Angeles"
"Calif State U, Stanislaus","California State University, Stanislaus"
"Calif State U., Bakersfield","California State University, Bakersfield"
Calif State Univ - Humboldt,Humboldt State University
Calif State Univ – Humboldt,Humboldt State University
Calif State Univ-Fresno,"California State University, Fresno"
Calif State Univ-Sacramento,"California State University, Sacramento"
"Calif State Univ, Chico","California State University, Chico"
"Calif State Univ, East Bay","California State University, East Bay"
"Calif State Univ, Fullerton","California State University, Fullerton"
"Calif State Univ, Hayward","California State University, East Bay"
"Calif State Univ, Long Beach","California State University, Long Beach"
"Calif State Univ, Northridge","California State University, Northridge"
"Calif State Univ, Sacramento","California State University, Sacramento"
Calif Univ of Pennsylvania,California University of Pennsylvania
California Institute of Tech,California Institute of Technology
California Lutheran Univ,California Lutheran University
Calvin College,Calvin College
Cambridge,Cambridge University
Cameron University,Cameron University
Campbell University,Campbell University
Canisius College,Canisius College
Canterbu,University of Canterbury
Capella,
Capetown,University of Cape Town
Capital University,Capital University
Car Mellon,Carnegie Mellon University
Cardiff,Cardiff University
Cardiff University,Cardiff University
Carleton,Carleton University
Carleton College,Carleton University
Carleton University,Carleton University
Carlos Mad,Charles III University of Madrid
Carnegie Mellon University,Carnegie Mellon University
Carroll College,Carroll College
Carson-Newman College,Carson-Newman College
Carthage College,Carthage College
Case Wes,Case Western Reserve University
Case Western Reserve Univ,Case Western Reserve University
Catania,
Catawba College,Catawba College
Catholic,Catholic University of America
Catholic Univ of America,Catholic University of America
Catholic University,Catholic University of America
CCNY,City College of New York
Cedarville College,Cedarville University
Cedarville University,Cedarville University
Cen Fla,University of Central Florida
Centenary College,Centenary University
Central College,Central College (Iowa)
Central College of Iowa,Central College (Iowa)
Central Connecticut St Univ,Central Connecticut State University
Central Michigan University,Central Michigan University
Central Missouri State Univ,University of Central Missouri
Central State Univ-Ohio,Central State University
Central Washington Univ,Central Washington University
Centre College,Centre College
CERGE-EI,CERGE-EI
Chadron State College,Chadron State College
Chaminade University,Chaminade University
Chapman University,Chapman University
Cheyney U of Pennsylvania,Cheyney University of Pennsylvania
Cheyney University,Cheyney University of Pennsylvania
Chicago,University of Chicago
Chicago State University,Chicago State University
Chinese Univ of Hong Kong,Chinese University of Hong Kong
ChineseHK,Chinese University of Hong Kong
ChinesHK,Chinese University of Hong Kong
Chosun University,Chosun University
Christian Brothers Univ,Christian Brothers University
Christopher Newport Univ,Christopher Newport University
Chulalongk,Chulalongkorn University
Chulalongkorn University,Chulalongkorn University
Chung-Ang,Chung-Ang University
Chung-Ang University,Chung-Ang University
Cincinnati,University of Cincinnati
City Col,"City, University of London"
City HK,City University Hong Kong
City NY,City University of New York
City UK,"City, University of London"
City Univ Business School,City University London
City Univ of Hong Kong,City University Hong Kong
City University of Hong Kong,City University Hong Kong
City Univesity - Hong Kong,City University Hong Kong
City-Lon,"City, University of London"
City-Lond,"City, University of London"
City-Londo,"City, University of London"
City-UK,"City, University of London"
Claremont,Claremont McKenna College
Claremont Graduate School,Claremont Graduate University
Claremont McKenna College,Claremont McKenna College
Clarion Univ of Pennsylvania,Clarion University of Pennsylvania
Clarion University,Clarion University of Pennsylvania
Clarion University of PA,Clarion University of Pennsylvania
Clark,Clark University
Clark Atl,Clark Atlanta University
Clark Atlanta University,Clark Atlanta University
Clark University,Clark University
Clarke,Clarke University
Clarkson,Clarkson University
Clarkson University,Clarkson University
Clayton College & St Univ,Clayton State University
Clayton College & State Univ,Clayton State University
Clayton State College,Clayton State University
Clemson,Clemson University
Clemson University,Clemson University
Clev St,Cleveland State University
Cleve,Cleveland State University
Cleveland State University,Cleveland State University
CNAT,
Co Mines,Colorado School of Mines
Coastal Carolina University,Coastal Carolina University
Coe College,Coe College
Colby,Colby College
Colby College,Colby College
Colgate University,Colgate University
College of Charleston,College of Charleston
College of Eastern Utah,College of Eastern Utah
College of New Rochelle,College of New Rochelle
College of Saint Benedict,College of Saint Benedict and Saint John's University
College of Saint Rose,College of Saint Rose
College of St Scholastica,College of St Scholastica
College of St. Catherine,St. Catherine University
College of St. Scholastica,College of St Scholastica
College of the Holy Cross,College of the Holy Cross
College of William & Mary,College of William & Mary
Colm Pac,Columbia Pacific University
Colo St,Colorado State University
Cologne,University of Cologne
Colorado,University of Colorado
Colorado State Univ-Pueblo,Colorado State University Pueblo
Colorado State University,Colorado State University
Colum Pac,
Columbia,Columbia University
Columbia University,Columbia University
Columbus State University,Columbus State University
Complute,Complutense University of Madrid
Compluten,Complutense University of Madrid
Concord,Concordia University
Concordia,Concordia University
Concordia College,Concordia College
Concordia College MN,Concordia College
Concordia University,Concordia University
Conn,University of Connecticut
Connecticut College,Connecticut College
Converse College,Converse College
Copenhag,University of Copenhagen
Cornell,Cornell University
Cornell Univ-Hotel School,Cornell University School of Hotel Administration
Cornell University,Cornell University
Coventry University,Coventry University
CPA,
Cranfield,Cranfield University
Creighton University,Creighton University
CS-Chico,"California State University, Chico"
CS-L Ang,"California State University, Los Angeles"
CS-Pomon,"California State Polytechnic University, Pomona"
Cty Lond,"City, University of London"
CUA,Catholic University of America
Cumberland College,Cumberland College
CUNY,CUNY
CUNY-Baruch College,"CUNY, Baruch College"
CUNY-Brooklyn College,"CUNY, Brooklyn College"
CUNY-City College,City College of New York
CUNY-Col of Staten Island,"CUNY, College of Staten Island"
CUNY-Coll of Staten Island,"CUNY, College of Staten Island"
CUNY-Hunter College,"CUNY, Hunter College"
CUNY-Lehman College,"CUNY, Lehman College"
CUNY-Queens College,"CUNY, Queens College"
Daemen College,Daemen College
Dalhousie,Dalhousie University
Dalhousie University,Dalhousie University
Dallas Baptist University,Dallas Baptist University
Dartmouth,Dartmouth College
Dartmouth College,Dartmouth College
Davidson College,Davidson College
Deakin,Deakin University
Deakin Univ at Burwood,Deakin University
Deakin University,Deakin University
Deakin University-Geelong,Deakin University
DeCordoba,National University of Córdoba
Delaware,University of Delaware
Delaware State University,Delaware State University
Deleware,University of Delaware
Delft,University of Delft
Delhi,University of Delhi
Delta State University,Delta State University
Demontfort,De Montfort University
Denison University,Denison University
Denver,University of Denver
DePaul,DePaul University
DePaul University,DePaul University
DePauw University,DePauw University
Dickinson College,Dickinson College
Dickinson State University,Dickinson State University
Dillard University,Dillard University
Doane College,Doane College
Dominican University,Dominican University
Dongguk University,Dongguk University
Dowling College,Dowling College
Drake University,Drake University
Drew University,Drew University
Drexel,Drexel University
Drexel University,Drexel University
Drury College,Drury University
Drury University,Drury University
Dublin,Dublin University
Dublin City University,Dublin City University
Duisburg,University of Duisburg
Duke,Duke University
Duke University,Duke University
Dundee,University of Dundee
Dundeeen,University of Dundee
Duquesne,Duquesne University
Duquesne University,Duquesne University
Durham,University of Durham
E Anglia,University of East Anglia
E Illinois,Eastern Illinois University
E Tx St,Texas A&M University–Commerce
Earlham College,Earlham College
East Carolina University,East Carolina University
East Central University,East Central University
East Stroudsburg University,East Stroudsburg University of Pennsylvania
East Tennessee State Univ,East Tennessee State University
Eastern Conn State Univ,Eastern Connecticut State University
Eastern Illinois Univ,Eastern Illinois University
Eastern Kentucky University,Eastern Kentucky University
Eastern Michigan University,Eastern Michigan University
Eastern New Mexico Univ,Eastern New Mexico University
Eastern Oregon University,Eastern Oregon University
Eastern Washington Univ,Eastern Washington University
ECNP,
Ecole des Hautes Comm,HEC Montreal
Ecole des Hautes Comm Montreal,HEC Montreal
Ecole des Hautes Etudes Com,HEC Montreal
Ecole Pl,École Polytechnique
Ecole Sup des Sci Econ et C,ESSEC
Ecole Superievre DeC deParis,ESCP Business School
Ecole-Poly,École Polytechnique
EcolePol,École Polytechnique
Edinborgh,University of Edinburgh
Edinboro University of PA,Edinboro University
Edinbough,University of Edinburgh
Edinburg,University of Edinburgh
Edinburgh,University of Edinburgh
EHESS Pari,ESSEC
Eindhove,University of Eindhoven
Elizabeth City State Univ,Elizabeth City State University
Elizabethtown College,Elizabethtown College
Elmhurst College,Elmhurst College
Elmira College,Elmira College
Elon College,Elon University
Elon University,Elon University
Embry-Riddle Aeronautical U,Embry-Riddle Aeronautical University
Emory,Emory University
Emory and Henry College,Emory and Henry College
Emory University,Emory University
Emporia State University,Emporia State University
England,
Eramus,Erasmus University Rotterdam
Erasmus,Erasmus University Rotterdam
Erlangen,Friedrich-Alexander University Erlangen-Nurnberg
Essec,ESSEC
Essec cerg,ESSEC
Essex,University of Essex
Eth,ETH Zurich
ETSICCP,
ETSII,
ETSIN,
Evergreen State College,Evergreen State College
Exeter,University of Exeter
Fairfield University,Fairfield University
Fairfield Universiy,Fairfield University
Fairleigh Dickinson Univ,Fairleigh Dickinson University
Fairleigh Dickinson-Teaneck,Fairleigh Dickinson University
Fairmont State College,Fairmont State College
Fairmont State University,Fairmont State College
Fayetteville State Univ,Fayetteville State University
Ferris State University,Ferris State University
Fielding,Fielding Graduate University
Fisk University,Fisk University
Fitchburg State College,Fitchburg State College
Fla Atl,Florida Atlantic University
Fla Intl,Florida International University
Fla St,Florida State University
Fla Tech,Florida Institute of Technology
Fletcher,
Flinders,Flinders University
Flinders U of S Australia,Flinders University
Florence,University of Florence
Florente,University of Florence
Florida,University of Florida
Florida A&M University,Florida A&M University
Florida Atlantic Univ,Florida Atlantic University
Florida Gulf Coast Univ,Florida Gulf Coast University
Florida Institute of Tech,Florida Institute of Technology
Florida International Univ,Florida International University
Florida Southern College,Florida Southern College
Florida Southern University,Florida Southern University
Florida State University,Florida State University
Fontbonne College,Fontbonne College
Fordham,Fordham University
Fordham University,Fordham University
Fort Hays State University,Fort Hays State University
Fort Lewis College,Fort Lewis College
Fort Valley State College,Fort Valley State University
Fort Valley State University,Fort Valley State University
Framingham State College,Framingham State College
Francis Marion University,Francis Marion University
Franklin & Marshall Coll,Franklin & Marshall College
Franklin and Marshall Coll,Franklin & Marshall College
Franklin University,Franklin University
Free,Free University Amsterdam
Free U,Free University Amsterdam
Freed Hardeman University,Freed Hardeman University
Freiburg,University of Freiburg
Friends University,Friends University
Frostburg State University,Frostburg State University
Furman University,Furman University
G Peabdy,
Ga Tech,Georgia Institute of Technology
Gallaudet University,Gallaudet University
Gannon University,Gannon University
Gardner-Webb University,Gardner-Webb University
Gdanst,
Geneva,University of Geneva
Geneva College,Geneva College
Geo St,Georgia State University
Geo Wash,George Washington University
GeoMason,George Mason University
George Fox University,George Fox University
George Mason University,George Mason University
George Washington Univ,George Washington University
Georgetown University,Georgetown University
Georgia,University of Georgia
Georgia Col & State Univ,Georgia College & State University
Georgia College,Georgia College & State University
Georgia College & St Univ,Georgia College & State University
Georgia College & State Univ,Georgia College & State University
Georgia Institute Tech,Georgia Institute of Technology
Georgia Southern University,Georgia Southern University
Georgia Southwestern Coll,Georgia Southwestern State University
Georgia Southwestern St Un,Georgia Southwestern State University
Georgia Southwestern St Univ,Georgia Southwestern State University
Georgia State University,Georgia State University
Georgian Court College,Georgian Court University
Geotown,Georgetown University
Gettysburg College,Gettysburg College
Glasgow,University of Glasgow
Glasgow University,University of Glasgow
Goethe,Goethe University Frankfurt
Goetting,University of Gottingen
Golden Gate University,Golden Gate University
Golden Gt,Golden Gate University
Goldey-Beacom College,Goldey–Beacom College
Gonzaga,Gonzaga University
Gonzaga University,Gonzaga University
Gordon College,Gordon College (Massachusetts)
Goshen College,Goshen College
Gottingen,University of Gottingen
Governors State University,Governors State University
Graceland College,Graceland University
Grad College of Union Univ,Union University
Grambling State University,Grambling State University
Grand Canyon University,Grand Canyon University
Grand Valley State Univ,Grand Valley State University
Greensboro College,Greensboro College
Grenoble,University of Grenobles
Griffith,Griffith University
Griffith Univ-Gold Coast,Griffith University
Griffith University,Griffith University
Grinnell College,Grinnell College
Groninge,University of Groningen
Groningen,University of Groningen
Groningn,University of Groningen
Groupe ESCP de Paris,ESCP Business School
Grove City College,Grove City College
Guilford College,Guilford College
Gustavus Adolphus College,Gustavus Adolphus College
Hacettep,
Hamburg,University of Hamburg
Hamilton College,Hamilton College
Hamline University,Hamline University
Hampton University,Hampton University
Hannibal-LaGrange College,Hannibal–LaGrange University
Hannover,University of Hannover
Hanyang,Hanyang University
Hardin-Simmons University,Hardin-Simmons University
Harding University,Harding University
Hartwick College,Hartwick College
Harvard,Harvard University
Harvard University,Harvard University
Hautes Etudes Com de Paris,HEC Paris
Hawaii,University of Hawaii
Hawaii Pacific University,Hawaii Pacific University
Hebrew,Hebrew University of Jerusalem
Hebrew Univ of Jerusalem,Hebrew University of Jerusalem
HEC,HEC Paris
HEC Montreal,HEC Montreal
HEC-Mont,HEC Montreal
HEC-Mtl,HEC Montreal
HEC-Paris,HEC Paris
Heidelbe,University of Heidelberg
Heidelberg College,Heidelberg College
Helsinki Sch of Econ & BA,Helsinki School of Economics
Helsinki Sch of Economics,Helsinki School of Economics
Henderson State University,Henderson State University
Hendrix College,Hendrix College
Heriot-Wat,
Heust,
Hi-Manoa,University of Hawaii
High Point University,High Point University
Hillsdale College,Hillsdale College
"Hillsdale, College",Hillsdale College
Hitotsub,Hitotsubashi University
Hitotsubashi University,Hitotsubashi University
HK Poly,
Hofstra,Hofstra University
Hofstra University,Hofstra University
Holy Family College,Holy Family College
Holy Family University,Holy Family College
Hong Kong,University of Hong Kong
Hong Kong Polytechnic Univ,Hong Kong Polytechnic University
Hong Kong Univ of Sci & Tech,Hong Kong University of Science and Technology
Hong Kong Univ Sci & Tech,Hong Kong University of Science and Technology
Hong-Ik,
HongKong,University of Hong Kong
Hood College,Hood College
Hope College,Hope College
Houston,University of Houston
Houston Baptist University,Houston Baptist University
Howard,Howard University
Howard Payne University,Howard Payne University
Howard University,Howard University
HSE,
HSEBA,
Hull,University of Hull
Humboldt State University,Humboldt State University
Idaho,University of Idaho
Idaho St,Idaho State University
Idaho State University,Idaho State University
IESE-University of Navarra,University of Navarra
II-Chicago,"University of Illinois, Chicago"
Il-Chicago,"University of Illinois, Chicago"
Ill Tech,Illinois Institute of Technology
Illin St,Illinois State University
Illinois,University of Illinois
Illinois Institute of Tech,Illinois Institute of Technology
Illinois State University,Illinois State University
Illinois Wesleyan University,Illinois Wesleyan University
Immaculata College,Immaculata University
Immaculata University,Immaculata University
Imperial,Imperial College London
Ind St,Indiana State University
Ind-Penn,Indiana University-Purdue University Indianapolis
India,
Indian In,
Indiana,Indiana University
Indiana State University,Indiana State University
Indiana U at Indianapolis,Indiana University-Purdue University Indianapolis
Indiana U of Pennsylvania,Indiana University of Pennsylvania
Indiana U-Purdue U/Indy,Indiana University-Purdue University Indianapolis
Indiana Univ - Indianapolis,Indiana University-Purdue University Indianapolis
Indiana Univ - Purdue Univ,Indiana University-Purdue University Indianapolis
Indiana Univ at Kokomo,Indiana University Kokomo
Indiana Univ at South Bend,Indiana University South Bend
Indiana Univ Northwest,Indiana University Northwest
Indiana Univ South Bend,Indiana University South Bend
Indiana Univ Southeast,Indiana University Southeast
Indiana Univ-Indianapolis,Indiana University-Purdue University Indianapolis
Indiana University,Indiana University
Indiana University Kokomo,Indiana University Kokomo
Indiana Wesleyan,Indiana Wesleyan University
Indiana-Purdue/Ft Wayne,Purdue University Fort Wayne
Indianqa,
Inha,Inha University
INSEAD,INSEAD
Inst Labor,
Inst Tecn Autonomo de Mexico,Instituto Tecnológico Autónomo de México
International College,Hodges University
International Univ of Japan,International University of Japan
Intl Com,
Intl Inst for Mgt Dev-IMD,International Institute for Management Development
Intl Inst for Mgt Develop,International Institute for Management Development
Iona College,Iona College
Iowa,University of Iowa
Iowa St,Iowa State University
Iowa State University,Iowa State University
Istanbul,
Ithaca,Ithaca College
Ithaca College,Ithaca College
IUP,
Ivey,
J Gutenb,Johannes Gutenberg University Mainz
J Hopkins,Johns Hopkins University
Jabalpur,
Jack St,Jackson State University
Jackson State University,Jackson State University
JacksonSt,Jackson State University
Jacksonville State Univ,Jacksonville State University
Jacksonville University,Jacksonville University
James Madison University,James Madison University
Jawahar,
Jiwasi,
John Carroll University,John Carroll University
John F. Kennedy University,John F. Kennedy University
Johns Hopkins University,Johns Hopkins University
Junnam,
Kaist,KAIST
Kalamazoo College,Kalamazoo College
Kanpur,
Kansas,University of Kansas
Kansas St,Kansas State University
Kansas State University,Kansas State University
Karel Mark,
Karlsruhe,University of Karlsruhe
Katholieke,
Kean University,Kean University
Keele,Keele University
Keele University,Keele University
Keene State College,Keene State College
Keimyung,
Keio U,Keio University
Kennedy W,
Kennesaw State University,Kennesaw State University
Kent,University of Kent
Kent St,Kent State University
Kent State University,Kent State University
Kentucky,University of Kentucky
Kentucky State University,Kentucky State University
Kentucky Wesleyan College,Kentucky Wesleyan College
Kenyon College,Kenyon College
Kettering University,Kettering University
Kiel,Kiel University
Kiev,
King Fahd Un of Petro & Mn,King Fahd University of Petroleum & Minerals
King Saud University,King Saud University
King's College,The College of Christ the King
Kookmin University,Kookmin University
Korea,Korea University
Korea Adv Inst of Sci & Tech,KAIST
Korea U,Korea University
Korea University,Korea University
Krakow,University of Krakow
KSU,King Saud University
Ku Leuven,Katholieke Universiteit Leuven
KU Leuven,Katholieke Universiteit Leuven
Kutztown Univ of Penn,Kutztown University
Kutztown University,Kutztown University
Kutztown University of PA,Kutztown University
Kuwait University,Kuwait University
Kyungpook National Univ,Kyungpook National University
La Salle University,LaSalle University
La Sierra University,La Sierra University
La Tech,Louisiana Tech University
Lafayette College,Lafayette College
LaGrange College,LaGrange College
Lake Superior State Univ,Lake Superior State University
Lakehead University,Lakehead University
Lakeland College,Lakeland College
Lamar University,Lamar University
Lanc UK,Lancaster University
Lancashire,
Lancaster,Lancaster University
Lancaster University,Lancaster University
Lander University,Lander University
LaSalle,LaSalle University
LaSalle University,LaSalle University
LaSierra University,La Sierra University
Lat,
LaTrobe,La Trobe University
LaTrobe University,La Trobe University
Laurentian University,Laurentian University
Lausanne,University of Lausanne
Laval,Universite Laval
Lawrence Technological Univ,Lawrence Technological University
Lawrence University,Lawrence University
LBS,London Business School
Lebanon Valley College,Lebanon Valley College
Leeds,Leeds University
Lees-McRae College,Lees-McRae College
Lehigh,Lehigh University
Lehigh University,Lehigh University
Leiden,Leiden University
LeMoyne College,LeMoyne College
Lenoir-Rhyne College,Lenoir-Rhyne College
Leuven,Katholieke Universiteit Leuven
Lewis & Clark College,Lewis & Clark College
Lewis University,Lewis University
Lewis-Clark State College,Lewis & Clark College
Liberty University,Liberty University
Lille II,
Limburg,University of Limburg
Lincoln University,Lincoln University
Lincoln University-MO,Lincoln University
Lincoln University-NZ,Lincoln University (New Zealand)
Lincoln University-PA,Lincoln University (Pennsylvania)
LincolNZ,Lincoln University (New Zealand)
Lindenwood University,Lindenwood University
Linfield College,Linfield College
Lingnan University,Lingnan University
Linz,
Lipscomb University,Lipscomb University
Liverpool,University of Liverpool
Liverpool John Moores Univ,Liverpool John Moores University
Livingstone College,Livingstone College
Lock Haven U of Pennsylvania,Lock Haven University
Lock Haven University,Lock Haven University
Lodz,University of Lodz
London,University of London
London Bus,London Business School
London Business School,London Business School
London Guildhall University,London Metropolitan University
London School Economics,London School of Economics and Political Science
London School of Economics,London School of Economics and Political Science
London SE,London School of Economics and Political Science
LondonEc,London School of Economics and Political Science
LondonEC,London School of Economics and Political Science
LondonSE,London School of Economics and Political Science
"Long Isl U, Brooklyn Campus",Long Island University
Long Isl Univ-Southampton,Long Island University
Long Island U.-C.W. Post,Long Island University
Longwood College,Longwood University
Longwood University,Longwood University
Loras College,Loras College
Loughbor,Loughborough University
Loughborough U Technology,Loughborough University
Loughborough University,Loughborough University
Loughbrou,Loughborough University
Louisiana St in Shreveport,"Louisiana State University, Shrevenport"
Louisiana State University,Louisiana State University
Louisiana Tech University,Louisiana Tech University
Louisville,University of Louisville
Louvain,University Catholique de Louvain
Loyl-Chgo,Loyola University Chicago
Loyol-Chgo,Loyola University Chicago
Loyola,Loyola University Maryland
Loyola College in Maryland,Loyola University Maryland
Loyola Marymount Univ,Loyola Marymount University
Loyola Univ-New Orleans,Loyola University New Orleans
Loyola University - Chicago,Loyola University Chicago
Loyola University – Chicago,Loyola University Chicago
Loyola University Chicago,Loyola University Chicago
Loyola University of Chicago,Loyola University Chicago
LSU,Louisiana State University
LSU Med,Louisiana State University School of Medicine
Luther College,Luther College
Lycoming College,Lycoming College
Lynchburg College,Lynchburg College
Lyndon State College,Lyndon State College
Lyon College,Lyon College
Maastricht,Maastricht University
Maastricht University,Maastricht University
Macalester College,Macalester College
Macon State College,Macon State College
Macquarie,Macquarie University
Macquarie University,Macquarie University
Madonna University,Madonna University
Maharishi,Maharishi University of Management
"Maharishi Univ Mgt, Chicago",Maharishi University of Management
Maharishi Univ of Management,Maharishi University of Management
Manchest,University of Manchester
Manchester,University of Manchester
Manchester College,Manchester College (Indiana)
Manchester Inst Sci & Tech,University of Manchester
Manchestr,University of Manchester
Manhattan College,Manhattan College
Manitoba,University of Manitoba
Mannheim,University of Mannheim
Mansfield University of PA,Mansfield University of Pennsylvania
Marian College,Marian College
Marietta College,Marietta College
Marist College,Marist College
Marquette,Marquette University
Marquette University,Marquette University
Mars Hill College,Mars Hill University
Marshall University,Marshall University
Mary Baldwin College,Mary Baldwin University
Mary Washington College,University of Mary Washington
Maryhurst,
Maryland,"University of Maryland, College Park"
Marymount Manhattan Coll,Marymount Manhattan College
Marymount University,Marymount University
Maryville Univ St. Louis,Maryville University
Marywood University,Marywood University
Mass,University of Massachusetts
Mass College of Liberal Arts,Massachusetts College of Liberal Arts
Massachusetts Inst of Tech,Massachusetts Institute of Technology
Massey,Massey University
Massey Univ - Albany Campus,Massey University
Massey University,Massey University
Massey University Turitea,Massey University
Massey Univesity,Massey University
Masstricht,Maastricht University
Mc Gill University,McGill University
McDaniel College,McDaniel College
McGill,McGill University
McGill University,McGill University
McKendree College,McKendree College
McMaster,McMaster University
McMaster University,McMaster University
McMurry University,McMurry University
McNeese State University,McNeese State University
Melbourne,University of Melbourne
Memorial U of Newfoundland,Memorial University of Newfoundland
Memphis,University of Memphis
Mercer University-Atlanta,Mercer University at Atlanta
Mercer University-Macon,Mercer University at Macon
Mercy College,Mercy College (New York)
Meredith College,Meredith College
Merrimack College,Merrimack College
Mesa State College,Mesa State College
Methodist College,Methodist College
Metropolitan St Col Denver,Metropolitan State University of Denver
Metropolitan St Coll,Metropolitan State University of Denver
Metropolitan St Coll Denver,Metropolitan State University of Denver
Metropolitan State Univ,Metropolitan State University
Metropolitan State Univ-MN,Metropolitan State University
Miami U,Miami University
Miami University,Miami University
Mich St,Michigan State University
Mich Tech,Michigan Technological University
Michigan,University of Michigan
Michigan State University,Michigan State University
Michigan Technological Univ,Michigan Technological University
Mid Tenn,Middle Tennessee State University
MidAmerica Nazarene Univ,MidAmerica Nazarene University
Middle Tennessee State Univ,Middle Tennessee State University
Middlebury College,Middlebury College
Middlesex,Middlesex University
Midwestern State University,Midwestern State University
Millersville Univ of PA,Millersville University
Millersville University,Millersville University
Millikin University,Millikin University
Millsaps College,Millsaps College
Minnesota,University of Minnesota
Minnesota St Univ Mankato,"Minnesota State University, Mankato"
"Minnesota St Univ, Mankato","Minnesota State University, Mankato"
Minnesota State U Moorhead,Minnesota State University Moorhead
"Minnesota State U, Mankato","Minnesota State University, Mankato"
"Minnesota State U, Moorhead",Minnesota State University Moorhead
"Minnesota State Un, Mankato","Minnesota State University, Mankato"
Minot State University,Minot State University
Minsk,Minsk University
Miss,University of Mississippi
Miss St,Mississippi State University
Miss State Un at Meridian,Mississippi State University
Miss State Univ at Meridian,Mississippi State University
Miss State Univ Meridian,Mississippi State University
Mississippi College,Mississippi College
Mississippi State Univ,Mississippi State University
Mississippi Valley St Univ,Mississippi Valley State University
Missouri,University of Missouri
Missouri Southern St Col,Missouri Southern State University
Missouri Southern St Univ,Missouri Southern State University
Missouri State University,Missouri State University
Missouri Western St College,Missouri Western State University
Missouri Western St Univ,Missouri Western State University
MIT,Massachusetts Institute of Technology
Mo-Ks Cty,University of Missouri–Kansas City
Mo-Rolla,Missouri University of Science and Technology
Mo-StLou,University of Missouri-St. Louis
Molloy College,Molloy College
Monash,Monash University
Monash University,Monash University
Monmouth College IL,Monmouth College
Monmouth University,Monmouth University
Monmouth Univesity,Monmouth University
Montana State Univ-Billings,Montana State University Billings
Montana State University,Montana State University
Montclair State College,Montclair State University
Montclair State University,Montclair State University
Monterey Inst Intl Studies,Monterey Institute of International Studies
Montreal,Universite de Montreal
Moorhead State University,Minnesota State University Moorhead
Moravian Col & Theological S,Moravian College
Moravian College,Moravian College
Morehead State University,Morehead State University
Morehouse College,Morehouse College
Morgan State University,Morgan State University
Morningside College,Morningside College
Morris Brown College,Morris Brown College
Moscow,Moscow State University
Moscow St,Moscow State University
MoscowSt,Moscow State University
Mount Allison University,Mount Allison University
Mount Holyoke College,Mount Holyoke College
Mount Olive College,Mount Olive College
Mount Saint Mary's College,Mount St. Mary's College
Mount Saint Vincent Univ,Mount Saint Vincent University
Mount St. Mary's College,Mount St. Mary's College
Mount St. Mary's College-MD,Mount St. Mary's University
Mount St. Mary's Univ-MD,Mount St. Mary's University
Mount Union College,Mount Union College
MSU,
Muenster,
Muhlenberg College,Muhlenberg College
Munich,University of Munich
Munster,University of Munster
Murdoch,Murdoch University
Murdoch University,Murdoch University
Murdock,Murdoch University
Murray State University,Murray State University
Mustanser,
N Ariz,Northern Arizona University
N Brunswk,University of New Brunswick
N Car St,North Carolina A&T State University
N Carol,University of North Carolina
N Colo,University of Northern Colorado
N Dakota,University of North Dakota
N Delhi,University of New Delhi
N Eng-Au,University of New England Australia
N Illinois,Northern Illinois University
N Jersey,New Jersey City University
N Mex St,New Mexico State University
N Orleans,University of New Orleans
N S Wales,University of New South Wales
N Zealan,
N'cle,University of Newcastle
Nancy II,
Nanyang,Nanyang Technological University
Nanyang T,Nanyang Technological University
Nanyang Technological Univ,Nanyang Technological University
Napier,Napier University
Napier University,Napier University
Nat ChiT,
Nat Taiw,National Taiwan University
National Central Univ,National Central University
National Chengchi Univ,National Chengchi University
National Economics Univ,National Economics University
National Taiwan University,National Taiwan University
National Univ of Singapore,National University of Singapore
Natl Ch Ch,National Chengchi University
Natl Cheng,National Chengchi University
Natl Econ,National Economics University
Natl Taiw,National Taiwan University
NatlTaiwan,National Taiwan University
Naval PG,Naval Postgraduate School
Naval Postgraduate,Naval Postgraduate School
Naval Postgraduate School,Naval Postgraduate School
Navarra,University of Navarra
Navarre,University of Navarra
Nazareth Coll of Rochester,Nazareth College of Rochester
NC-Charl,"University of North Carolina, Charlotte"
NC-Greens,"University of North Carolina, Greensboro"
NCCU,North Carolina Central University
Nebraska,University of Nebraska
Nebraska Wesleyan Univ,Nebraska Wesleyan University
New Bruns,University of New Brunswick
New Eng,University of New England Australia
New Engl,University of New England
New Hampshire Col-Grad,Southern New Hampshire University
New Hampshire College,Southern New Hampshire University
New Jersey City University,New Jersey City University
New Jersey Ins of Technology,New Jersey Institute of Technology
New Jersey Inst Technology,New Jersey Institute of Technology
New Jersey Institute of Tech,New Jersey Institute of Technology
New Mex,University of New Mexico
New Mexico Highlands Univ,New Mexico Highlands University
New Mexico State Univ,New Mexico State University
New Sch,The New School
New York,New York University
New York Institute of Tech,New York Institute of Technology
New York University,New York University
New York University-Grad,New York University
Newcastle,University of Newcastle
NewHamp,University of New Hampshire
NewZealand,
NHH,Norwegian School of Economics
Niagara University,Niagara University
Niarobi,University of Niarobi
Nicholls State University,Nicholls State University
Nichols College,Nichols College
Norfolk State University,Norfolk State University
North Carolina A&T State Un,North Carolina A&T State University
North Carolina at Asheville,University of North Carolina at Asheville
North Carolina at Charlotte,"University of North Carolina, Charlotte"
North Carolina at Greensboro,"University of North Carolina, Greensboro"
North Carolina at Pembroke,University of North Carolina at Pembroke
North Carolina at Wilmington,University of North Carolina Wilmington
North Carolina Central Univ,North Carolina Central University
North Carolina State Univ,North Carolina State University
North Carolina Wilmington,University of North Carolina Wilmington
North Central College,North Central College
North Dakota State,North Dakota State University
North Dakota State Univ,North Dakota State University
North Georgia Col & St Univ,North Georgia College & State University
North Georgia Col & State U,North Georgia College & State University
North Tx,University of North Texas
Northeas,Northeastern University
Northeast Louisiana Univ,University of Louisiana at Monroe
Northeastern Illinois Univ,Northeastern Illinois University
Northeastern State Univ,Northeastern State University
Northeastern University,Northeastern University
Northern Arizona University,Northern Arizona University
Northern Illinois Univ,Northern Illinois University
Northern Kentucky Univ,Northern Kentucky University
Northern Kentucky Univ Highland,Northern Kentucky University
Northern Michigan Univ,Northern Michigan University
Northern State University,Northern State University
Northwest College,Northwest College
Northwest Missouri St Univ,Northwest Missouri State University
Northwestern State U of LA,Northwestern State University of Louisiana
Northwestern University,Northwestern University
Northwood University,Northwood University
Norwegia,Norwegian School of Economics
Norwegian Sch Ec & Bus Adm,Norwegian School of Economics
Norwegian Sch Econ & BAdm,Norwegian School of Economics
Norwegian Sch of Management,BI Norwegian Business School
Norwegian School Econ & Bus,Norwegian School of Economics
Norweigia,Norwegian School of Economics
Norwich University,Norwich University
Notre Dm,University of Notre Dame
Nottingh,Nottingham University
Nottingham,Nottingham University
Nottinghm,Nottingham University
Nova SE,Nova Southeastern University
Nova Southeastern University,Nova Southeastern University
Nrthwstrn,Northwestern University
NS Wales,University of New South Wales
NSU,
NSYSU,National Sun Yat-sen University
Ntl Singap,National University of Singapore
NUS,National University of Singapore
Nwrn,
NYU,New York University
Oakland University,Oakland University
Oberlin College,Oberlin College
Occidental College,Occidental College
Odense,Syddansk Universitet
Oglethorpe University,Oglethorpe University
Ohio,Ohio University
Ohio Northern University,Ohio Northern University
Ohio St,Ohio State University
Ohio State University,Ohio State University
Ohio U,Ohio University
Ohio University,Ohio University
Ohio Wesleyan University,Ohio Wesleyan University
Okla Cty,Oklahoma State University
Okla St,Oklahoma State University
Oklahoma,University of Oklahoma
Oklahoma Baptist University,Oklahoma Baptist University
Oklahoma Christian Univ,Oklahoma Christian University
Oklahoma City University,Oklahoma City University
Oklahoma State University,Oklahoma State University
Old Dom,Old Dominion University
Old Dominion University,Old Dominion University
Olivet College,Olivet College
Oral Roberts University,Oral Roberts University
Oregon,University of Oregon
Oregon Grad Inst Sci & Tech,Oregon Health & Science University
Oregon Insitute of Tech,Oregon Institute of Technology
Oregon St,Oregon State University
Oregon State University,Oregon State University
OSU,
Otago,University of Otago
Ottawa,University of Ottawa
Otterbein College,Otterbein College
Ouachita Baptist University,Ouachita Baptist University
Ouachita Baptist Univesity,Ouachita Baptist University
Oxford,University of Oxford
P Drucker,
Pace,Pace University
Pace University,Pace University
Pace University-Westchester,"Pace University, Westchester"
Pacific Lutheran University,Pacific Lutheran University
Pacific Union College,Pacific Union College
Pam Amer,"University of Texas, Pan American"
Pan Amer,"University of Texas, Pan American"
Paris,University of Paris
Paris I,
Paris IX,
Paris U,University of Paris
ParisDaup,
Passau,University of Passau
Patna,
Peabody,
Penn,University of Pennsylvania
Penn St,Pennsylvania State University
Penn State - Erie,Pennsylvania State University
Penn State Sch of Hotel Rst,Pennsylvania State University
Penn State Univ - Erie,Pennsylvania State University
Penn State Univ-Erie,Pennsylvania State University
Penn State Univ-Harrisburg,Pennsylvania State University
Penn State Univ-Hotel School,Pennsylvania State University
Penn State University,Pennsylvania State University
Pepperdine Un-Los Angeles,Pepperdine University
Pepperdine Univ-Los Angeles,Pepperdine University
Pepperdine Univ-Malibu,Pepperdine University
Pfeiffer University,Pfeiffer University
Philadelphia University,Philadelphia University
Piedmont College,Piedmont College
Pine Manor College,Pine Manor College
Pittsburg State University,Pittsburg State University
Pittsburgh,University of Pittsburgh
Plymouth,University of Plymouth
Plymouth State College,Plymouth State University
Point Loma Nazarene Univ,Point Loma Nazarene University
Poitiers,
Pol Cata,
Polish A,
Poly Cet,
Poly-NY,Polytechnic University (New York)
Polytechnic University,Polytechnic University (New York)
Pompeu,Pompeu Fabra University
Port St,Portland State University
Portland,University of Portland
Portland State University,Portland State University
Post University,Post University
Prague,Prague University
Prairie View A&M University,Prairie View A&M University
Presbyterian College,Presbyterian College
Prin,Princeton University
Princeton,Princeton University
Princeton University,Princeton University
Providence College,Providence College
Providence University,Providence University
PSU,Pennsylvania State University
Purdue,Purdue University
Purdue University,Purdue University
Purdue University Calumet,Purdue University Calumet
Purdue University-Calumet,Purdue University Calumet
Pusan,
Quebec,University of Quebec in Montreal
Quebec-Mon,University of Quebec in Montreal
Queen's,Queen's University
Queen's University,Queen's University
Queenn's,Queen's University
Queens,Queen's University
Queens College,Queens University of Charlotte
Queens Univ of Charlotte,Queens University of Charlotte
Queensl,University of Queensland
Queensland,University of Queensland
Queensland Univ of Tech,Queensland University of Technology
Queensld,University of Queensland
Queensln,University of Queensland
Queenslnd,University of Queensland
Quincy College,Quincy University
Quincy University,Quincy University
Quinnipiac College,Quinnipiac College
QUT,Queensland University of Technology
Radford University,Radford University
Ramapo Col of New Jersey,Ramapo College of New Jersey
Ramapo Coll of New Jersey,Ramapo College of New Jersey
Ramapo College-New Jersey,Ramapo College of New Jersey
Rand,
Randolph-Macon College,Randolph-Macon College
Reading,University of Reading
Reed College,Reed College
Regent,Regent University
Regent University,Regent University
Regis College - MA,Regis College
Regis College of Regis Univ,Regis University
Rennes,
Rensselaer,Rensselaer Polytechnic Institute
Rensselaer Poly Institute,Rensselaer Polytechnic Institute
Rensselear,Rensselaer Polytechnic Institute
Rhode Isl,University of Rhode Island
Rhode Island College,Rhode Island College
Rhodes College,Rhodes College
Rice,Rice University
Rice University,Rice University
Richard Stockton,Stockton University
Richard Stockton Col of NJ,Stockton University
Richard Stockton College,Stockton University
Richmond,University of Richmond
Rider University,Rider University
Rio de J,University of Rio de Janeiro
RMIT,RMIT University
Roanoke College,Roanoke College
Robert Morris College,Robert Morris University
Robert Morris University,Robert Morris University
Rochester,University of Rochester
Rochester Inst of Technology,Rochester Institute of Technology
Rockhurst College,Rockhurst University
Rockhurst University,Rockhurst University
Roger Williams University,Roger Williams University
Rollins College,Rollins College
Roosevelt University,Roosevelt University
Rotterdam,Erasmus University Rotterdam
Rotterdm,Erasmus University Rotterdam
Rowan University,Rowan University
Royal Tech,Royal Institute of Technology
Ruhr,
Russell Sage College,Russell Sage College
Rutgers,Rutgers University
Rutgers Un-New Brunswick,Rutgers University
Rutgers Univ-New Brunswick,Rutgers University
Rutgers University-Camden,Rutgers University
Rutgers University-Newark,Rutgers University
S Africa,University of South Africa
S Calif,University of Southern California
S Carol,University of South Carolina
S Dak St,South Dakota State University
S Dakota,University of South Dakota
S Fla,University of South Florida
S Hamptn,Southampton University
S Illinois,Southern Illinois University
S Miss,University of Southern Mississippi
S Wales,University of South Wales
Sacred Heart University,Sacred Heart University
Saginaw Valley State Univ,Saginaw Valley State University
Saint Anselm College,Saint Anselm College
Saint Bonaventure Univ,St. Bonaventure University
Saint Francis College,St. Francis College
Saint John's University-MN,Saint John's University
Saint Joseph College,Saint Joseph's College
Saint Joseph's College,Saint Joseph's College
Saint Joseph's University,St. Joseph's University
Saint Leo University,Saint Leo University
Saint Louis University,Saint Louis University
Saint Martin's College,Saint Martin's College
Saint Mary's Col of Calif,Saint Mary's College of California
Saint Mary's College,Saint Mary's College of California
Saint Mary's College-CA,Saint Mary's College of California
Saint Mary's University,Saint Mary's University
Saint Marys College,Saint Mary's College (Indiana)
Saint Marys College-IN,Saint Mary's College (Indiana)
Saint Michael's College,Saint Michael's College
Saint Paul's College,Saint Paul's College (Virginia)
Saint Peter's College,Saint Peter's University
Saint Vincent College,Saint Vincent College
Saint Xavier University,Saint Xavier University
Salamanca,University of Salamanca
Salem State College,Salem State College
Salf,University of Salford
Salfird,University of Salford
Salford,University of Salford
Salisbury State University,Salisbury University
Salisbury University,Salisbury University
Salve Regina University,Salve Regina University
Sam Hous,Sam Houston University
Sam Houston State Univ,Sam Houston University
Samford University,Samford University
San Diego,University of San Diego
San Diego State University,San Diego State University
San Francisco State Univ,San Francisco State University
San Jose State University,San Jose State University
SanDgoSt,San Diego State University
SanDiego,University of San Diego
Sankt Gall,University of Sankt Gallen
Santa Cl,Santa Clara University
Santa Clara University,Santa Clara University
Sao Paulo,University of Sao Paulo
SaoPaulo,University of Sao Paulo
Sarah Lawrence College,Sarah Lawrence College
Sarasota,
Savannah State University,Savannah State University
Seattle Pacific University,Seattle Pacific University
Seattle University,Seattle University
Sejong,
Seogang,
Seoul National University,Seoul National University
Seoul Natl,Seoul National University
Seoul Ntl,Seoul National University
Seton Hall University,Seton Hall University
Sheffiel,University of Sheffield
Sheffield,University of Sheffield
Shenandoah University,Shenandoah University
Shepherd College,Shepherd University
Shepherd University,Shepherd University
Shippensburg University,Shippensburg University
Siena College,Siena College
Simmons College,Simmons College
Simon Fr,Simon Fraser University
Simon Fraser University,Simon Fraser University
Simpson College,Simpson College
Skidmore College,Skidmore College
Slippery Rock University,Slippery Rock University
Smith College,Smith College
SNDT,NDT Women's University
"So Illinois, Edwardsville",Southern Illinois University Edwardsville
So Meth,Southern Methodist University
Sonoma State University,Sonoma State University
Sophia,Sophia University
Sorbonne,University of Paris
South Carolina St University,South Carolina State University
South Dakota State Univ,South Dakota State University
Southamp,Southampton University
Southampt,Southampton University
Southeast Missouri St Univ,Southeast Missouri State University
Southeastern Louisiana Univ,Southeastern Louisiana University
Southeastern Oklahoma,Southeastern Oklahoma State University
Southeastern Oklahoma St,Southeastern Oklahoma State University
Southeastern Oklahoma St Un,Southeastern Oklahoma State University
Southeastern Oklahoma State,Southeastern Oklahoma State University
Southeastern University,Southeastern University
Southern,Southern University and A&M College
Southern Adventist Univ,Southern Adventist University
Southern Arkansas Univ,Southern Arkansas University
Southern Connecticut St Un,Southern Connecticut State University
Southern Cross University,Southern Cross University
Southern Illinois Univ,Southern Illinois University
Southern Methodist Univ,Southern Methodist University
Southern Nazarene Univ,Southern Nazarene University
Southern Nazarene University,Southern Nazarene University
Southern New Hampshire Col,Southern New Hampshire University
Southern New Hampshire Univ,Southern New Hampshire University
Southern Oregon University,Southern Oregon University
Southern Univ at New Orleans,Southern University and A&M College
Southern University,Southern University and A&M College
Southern University A&M,Southern University and A&M College
Southern Utah University,Southern Utah University
Southhamp,Southampton University
Southmptn,Southampton University
Southwest Baptist Univ,Southwest Baptist University
Southwest Minnesota St Univ,Southwest Minnesota State University
Southwest Missouri St Univ,Missouri State University
Southwest State University,Southwest Minnesota State University
Southwest Texas State Univ,Texas State University
Southwestern Oklahoma St U,Southwestern Oklahoma State University
Southwestern Oklahoma St Un,Southwestern Oklahoma State University
Southwestern University,Southwestern University
Southwstrn,Southwestern University
St Gall,University of Sankt Gallen
St Gallen,University of Sankt Gallen
St Johns,St. John's University
St Louis,Saint Louis University
St Peter,Saint Peter's University
St Stevens,Stevens Institute of Technology
St. Ambrose University,St. Ambrose University
St. Cloud State University,St. Cloud State University
St. Edward's University,St. Edward's University
St. Francis College,St. Francis College
St. Francis College-NY,St. Francis College
St. Francis Xavier Univ,St. Francis Xavier University
St. John Fisher College,St. John Fisher College
St. John's University,St. John's University
St. Lawrence University,St. Lawrence University
St. Mary's University,St. Mary's University
St. Mary's University-TX,St. Mary's University
St. Mary's University-Tx,St. Mary's University
St. Norbert College,St. Norbert College
St. Olaf College,St. Olaf College
St. Thomas University,St. Thomas University
St. Thomas University-FL,St. Thomas University
StAndrews,
Stanford,Stanford University
Stanford University,Stanford University
Stanfore,Stanford University
State Un College at Geneseo,SUNY Geneseo
State Univ of West Georgia,University of West Georgia
Stephen F. Austin St Univ,Stephen F. Austin State University
Stephens College,Stephens College
Sterling,
Stetson University,Stetson University
Stevens,Stevens Institute of Technology
Stirling,University of Stirling
Stockholm,Stockholm University
Stockholm School of Econ,Stockholm School of Economics
Stonehill College,Stonehill College
Strathcl,University of Strathclyde
Strathcly,University of Strathclyde
Suffolk University,Suffolk University
Sultan Qaboos,Sultan Qaboos University
Sultan Qaboos University,Sultan Qaboos University
SUNY,
SUNY - New Paltz,SUNY New Paltz
SUNY at Albany,University at Albany
SUNY at Binghamton,Binghamton University
SUNY at Buffalo,University at Buffalo
SUNY at Fredonia,SUNY Fredonia
SUNY at New Paltz,SUNY New Paltz
SUNY at Old Westbury,SUNY Old Westbury
SUNY at Plattsburgh,SUNY Plattsburgh
SUNY at Stony Brook,Stony Brook University
SUNY Col at Cortland,SUNY Cortland
SUNY Col at Potsdam,SUNY Potsdam
SUNY Coll at Old Westbury,SUNY Old Westbury
SUNY College at Brockport,SUNY Brockport
SUNY College at Fredonia,SUNY Fredonia
SUNY College at Geneseo,SUNY Geneseo
SUNY College at Old Westbury,SUNY Old Westbury
SUNY College at Oneonta,SUNY Oneonta
SUNY College at Oswego,SUNY Oswego
SUNY College at Plattsburgh,SUNY Plattsburgh
SUNY College at Purchase,Purchase College
SUNY College at Stony Brook,Stony Brook University
SUNY Empire State College,Empire State College
SUNY Inst Tech @ Utica/Rome,SUNY Polytechnic Institute
SUNY-Alb,University at Albany
SUNY-Bin,Binghamton University
SUNY-Buf,University at Buffalo
SUNY-SBr,Stony Brook University
SUNY-Univ at Albany,University at Albany
"SUNY, Col at Plattsburgh",SUNY Plattsburgh
Susquehanna University,Susquehanna University
Sussex,University of Sussex
SW Baptist,Southwest Baptist University
SW La,"University of Louisiana, Lafayette"
Swarthmore College,Swarthmore College
Swedish U,
Syddansk Universitet,Syddansk Universitet
Sydney,University of Sydney
Syracuse,Syracuse University
Syracuse University,Syracuse University
Taiwan,National Taiwan University
Tarleton State University,Tarleton State University
TAS,University of Tasmania
Tasmania,University of Tasmania
Taylor University,Taylor University
Tech-Sydn,University of Technology Sydney
Tech-Sydne,University of Technology Sydney
Teikyo Post University,Teikyo Post University
Tel Aviv,Tel Aviv University
Tel Aviv University,Tel Aviv University
Temple,Temple University
Temple University,Temple University
Tennessee,University of Tennessee
Tennessee at Chattanooga,"University of Tennessee, Chattanooga"
Tennessee State University,Tennessee State University
Tennessee Technological Un,Tennessee Technological University
Texas,University of Texas at Austin
Texas A&M - Corpus Christi,Texas A&M University–Corpus Christi
Texas A&M International Univ,Texas A&M International University
Texas A&M Intl University,Texas A&M International University
Texas A&M Un- Corpus Christi,Texas A&M University–Corpus Christi
Texas A&M Univ-Commerce,Texas A&M University–Commerce
Texas A&M Univ-Kingsville,Texas A&M University–Kingsville
Texas A&M University,Texas A&M University
Texas Christian University,Texas Christian University
Texas Lutheran College,Texas Lutheran University
Texas Lutheran University,Texas Lutheran University
Texas Southern University,Texas Southern University
Texas State U - San Marcos,Texas State University
Texas Tech University,Texas Tech University
Texas Wesleyan University,Texas Wesleyan University
Texas Woman's University,Texas Woman's University
ThamesPoly,University of Greenwich
Thclyde,
The Citadel,"Citadel, The Military College of South Carolina"
The College of Insurance,College of Insurance
The College of New Jersey,The College of New Jersey
The College of Saint Rose,College of Saint Rose
The College of Wooster,College of Wooster
The Colorado College,Colorado College
The Sage Colleges,Russell Sage College
Tilberg,Tilburg University
Tilburg,Tilburg University
Tilburg University,Tilburg University
Tokyo,University of Tokyo
Toledo,University of Toledo
Toronto,University of Toronto
Toulouse,University of Toulouse
Touro College,Touro College
Towson University,Towson University
Transylvania University,Transylvania University
Trecht,
Tri-State University,Tri State University
Trieste,University of Trieste
Trinity,Trinity University
Trinity College,Trinity College Hartford
Trinity University,Trinity University
Troy State Univ Dothan,"Troy State University, Dothan"
"Troy State Univ, Fla Region","Troy University, Florida Region"
"Troy State Univ, Montgomery","Troy State University, Montgomery"
Troy State University,Troy State University
Troy University,Troy State University
Truman State University,Truman State University
Tufts,Tufts University
Tufts University,Tufts University
Tulane,Tulane University
Tulane University,Tulane University
Tulsa,University of Tulsa
Turku,University of Turku
Tuskegee University,Tuskegee University
Tx,
Tx A&M,Texas A&M University
Tx AM,Texas A&M University
Tx Chr,Texas Christian University
Tx Tech,Texas Tech University
Tx Woman,Texas Woman's University
Tx-Arlin,"University of Texas, Arlington"
Tx-Austin,University of Texas at Austin
Tx-Dallas,"University of Texas, Dallas"
Tx-Pan Am,"University of Texas, Pan American"
Tx-PanAm,"University of Texas, Pan American"
U Graz,University of Graz
U Lund,Lund University
U Manchester Inst Sci & Tch,University of Manchester
U Manchester Inst Sci & Tech,University of Manchester
U Massachusetts at Boston,University of Massachusetts Boston
U Massachusetts Boston,University of Massachusetts Boston
U Massachusetts-Dartmouth,University of Massachusetts
U Miami,University of Miami
U Missouri - Kansas City,University of Missouri–Kansas City
U Missouri--Kansas City,University of Missouri–Kansas City
U Missouri--St. Louis,University of Missouri-St. Louis
U North Carolina at Pembroke,University of North Carolina at Pembroke
U North Carolina Greensboro,"University of North Carolina, Greensboro"
U of Alabama at Birmingham,"University of Alabama, Birmingham"
U of Alabama in Huntsville,"University of Alabama, Huntsville"
U of Arkansas at Little Rock,"University of Arkansas, Little Rock"
U of Arkansas at Monticello,"University of Arkansas, Monticello"
U of Arkansas at Pine Bluff,University of Arkansas at Pine Bluff
"U of Calif, Santa Barbara","University of California, Santa Barbara"
U of California at Berkeley,"University of California, Berkeley"
U of California-Berkeley,"University of California, Berkeley"
U of Colorado at Co Springs,University of Colorado Colorado Springs
U of Louisiana at Lafayette,"University of Louisiana, Lafayette"
U of M,University of Massachusetts
U of Maryland Eastern Shore,University of Maryland Eastern Shore
U of Massachusetts at Lowell,University of Massachusetts
U of Massachusetts Lowell,University of Massachusetts
U of Minnesota - Duluth,University of Minnesota Duluth
U of Minnesota Duluth,University of Minnesota Duluth
U of Missouri - Columbia,University of Missouri
U of Missouri – Columbia,University of Missouri
U of Missouri at Columbia,University of Missouri
U of Pittsburgh at Johnstown,"University of Pittsburgh, Johnstown"
U of Southern Mississippi,University of Southern Mississippi
U of Southwestern Louisiana,"University of Louisiana, Lafayette"
U of Texas at Arlington,"University of Texas, Arlington"
U of Texas of Permian Basin,"University of Texas, Permian Basin"
U of Wisconsin-Eau Claire,"University of Wisconsin, Eau Claire"
U of Wisconsin-La Crosse,"University of Wisconsin, La Crosse"
U of Wisconsin-Platteville,"University of Wisconsin, Platteville"
U of Wisconsin-River Falls,"University of Wisconsin, River Falls"
U of Wisconsin-Stevens Point,"University of Wisconsin, Stevens Point"
U of Wisconsin-Whitewater,"University of Wisconsin, Whitewater"
U South Carolina at Spartanb,"University of South Carolina, Spartanburg"
U South Carolina Upstate,"University of South Carolina, Spartanburg"
U South Carolina-Spartanburg,"University of South Carolina, Spartanburg"
U South Carolina/Spartanburg,"University of South Carolina, Spartanburg"
U Texas of the Permian Basin,"University of Texas, Permian Basin"
U Wash,University of Washington
U Wisconsin-Stevens Point,"University of Wisconsin, Stevens Point"
U Wisconsin-Stevens Point Stevens,"University of Wisconsin, Stevens Point"
U.S. Air Force Academy,U.S. Air Force Academy
U.S. Military Academy,U.S. Military Academy
U.S. Naval Academy,U.S. Naval Academy
UCB,
UCI,
UCLA,"University of California, Los Angeles"
UK,
Ulster,Ulster University
Umea,Umea University
UMEA,Umea University
UMIST,University of Manchester
Un of Manchester-Business,Manchester Business School
Un of Texas at San Antonio,"University of Texas, San Antonio"
Un of Wisconsin-Green Bay,"University of Wisconsin, Green Bay"
Un of Wisconsin-Milwaukee,"University of Wisconsin, Milwaukee"
UNE,
Union,Union College
Union College,Union College
Union College-NY,Union College
Union Gr,Union Graduate College
Union In,Union Institute & University
Union Inst,Union Institute & University
Union University,Union University
Union-NY,Union College
United States Intl Univ,Alliant International University
"Univ at Albany, SUNY",University at Albany
Univ Col of the Cariboo,University College of Cariboo
Univ du Quebec a Montreal,University of Quebec in Montreal
Univ Illinois at Springfield,"University of Illinois, Springfield"
Univ Maryland-Baltimore Co,"University of Maryland, Baltimore County"
Univ Missouri-Kansas City,University of Missouri–Kansas City
Univ Nacional de Cordoba,National University of Córdoba
Univ New Brunswick-St John,University of New Brunswick
Univ of Alaska - Fairbanks,University of Alaska Fairbanks
Univ of Alaska Anchorage,"University of Alaska, Anchorage"
Univ of Alaska Fairbanks,University of Alaska Fairbanks
Univ of Alaska Southeast,University of Alaska Southeast
"Univ of Alaska, Anchorage","University of Alaska, Anchorage"
Univ of British Columbia,University of British Columbia
"Univ of Calif, Irvine","University of California, Irvine"
"Univ of Calif, Los Angeles","University of California, Los Angeles"
"Univ of Calif, Riverside","University of California, Riverside"
"Univ of Calif, San Diego","University of California, San Diego"
"Univ of Calif, Santa Cruz","University of California, Santa Cruz"
Univ of California-Davis,"University of California, Davis"
"Univ of California, Davis","University of California, Davis"
Univ of Central Arkansas,University of Central Arkansas
Univ of Central Florida,University of Central Florida
Univ of Central Oklahoma,University of Central Oklahoma
Univ of Colorado at Boulder,University of Colorado
Univ of Colorado at Denver,"University of Colorado, Denver"
Univ of District of Columbia,University of the District of Columbia
Univ of Hawaii - West Oahu,"University of Hawaii, West Oahu"
Univ of Hawaii at Manoa,University of Hawaii
Univ of Houston-Clear Lake,"University of Houston, Clear Lake"
Univ of Houston-Downtown,University of Houston-Downtown
Univ of Houston-Victoria,University of Houston-Victoria
Univ of Illinois at Chicago,"University of Illinois, Chicago"
Univ of Louisiana at Monroe,University of Louisiana at Monroe
Univ of Maine,University of Maine
Univ of Mary Hardin-Baylor,University of Mary Hardin-Baylor
Univ of Mary Washington,University of Mary Washington
Univ of Melbourne-Victoria,Victoria University
Univ of Michigan-Dearborn,University of Michigan-Dearborn
Univ of Michigan-Flint,University of Michigan-Flint
Univ of Missouri - St. Louis,University of Missouri-St. Louis
Univ of Missouri-Columbia,University of Missouri
Univ of Nebraska at Kearney,University of Nebraska at Kearney
Univ of Nebraska at Omaha,University of Nebraska at Omaha
Univ of Nebraska-Lincoln,University of Nebraska-Lincoln
"Univ of Nevada, Las Vegas","University of Nevada, Las Vegas"
Univ of New South Wales,University of New South Wales
Univ of Northern Colorado,University of Northern Colorado
Univ of Puerto Rico-Mayaguez,University of Puerto Rico at Mayagüez
Univ of Saskatchewan,University of Saskatchewan
Univ of South Carolina,University of South Carolina
Univ of Southern California,University of Southern California
Univ of Southern Colorado,Colorado State University Pueblo
Univ of Southern Denmark,Syddansk Universitet
Univ of Southern Indiana,University of Southern Indiana
Univ of Southern Maine,University of Southern Maine
Univ of Southern Queensland,University of Southern Queensland
"Univ of Technology, Sydney",University of Technology Sydney
Univ of Tenn at Chattanooga,"University of Tennessee, Chattanooga"
Univ of Tennessee at Martin,"University of Tennessee, Martin"
Univ of Texas at Austin,University of Texas at Austin
Univ of Texas at Dallas,"University of Texas, Dallas"
Univ of Texas at El Paso,"University of Texas, El Paso"
Univ of Texas at Tyler,"University of Texas, Tyler"
Univ of Texas-Pan American,"University of Texas, Pan American"
Univ of the Cumberlands,University of the Cumberlands
Univ of the Incarnate Word,University of the Incarnate Word
Univ of the Virgin Islands,University of the Virgin Islands
Univ of The West Indies,University of the West Indies
"Univ of Wales, Bangor",Bangor University
Univ of Washington Tacoma,University of Washington
Univ of Washington-Bothell,University of Washington
"Univ of Washington, Tacoma",University of Washington
Univ of Western Australia,University of Western Australia
Univ of Western Ontario,University of Western Ontario
Univ of Wisconsin Oshkosh,"University of Wisconsin, Oshkosh"
Univ of Wisconsin-Green Bay,"University of Wisconsin, Green Bay"
Univ of Wisconsin-Madison,"University of Wisconsin, Madison"
Univ of Wisconsin-Milwaukee,"University of Wisconsin, Milwaukee"
Univ of Wisconsin-Oshkosh,"University of Wisconsin, Oshkosh"
Univ of Wisconsin-Parkside,"University of Wisconsin, Parkside"
Univ of Wisconsin-Superior,"University of Wisconsin, Superior"
Univ So Carolina at Aiken,University of South Carolina Aiken
Univ Texas at Brownsville,"University of Texas, Brownsville"
Univ Ulster at Jordanstown,Ulster University
Univ Western Sydney,Western Sydney University
Universitat Pompeu Fabra,Pompeu Fabra University
Universite de Sherbrooke,Sherbrooke University
Universite du Quebec a Hull,Université du Québec en Outaouais
Universite Laval,Universite Laval
University College Dublin,University College Dublin
University Missouri - Rolla,Missouri University of Science and Technology
University of Aberdeen,University of Aberdeen
University of Adelaide,University of Adelaide
University of Akron,University of Akron
University of Alabama,University of Alabama
University of Alberta,University of Alberta
University of Amsterdam,University of Amsterdam
University of Arizona,University of Arizona
University of Arkansas,University of Arkansas
University of Arkansas Fayetteville,University of Arkansas
University of Auckland,University of Auckland
University of Baltimore,University of Baltimore
University of Bath,University of Bath
University of Bridgeport,University of Bridgeport
University of Bristol,University of Bristol
"University of Buffalo, SUNY",University at Buffalo
University of Calgary,University of Calgary
University of Canterbury,University of Canterbury
University of Chicago,University of Chicago
University of Cincinnati,University of Cincinnati
University of Connecticut,University of Connecticut
University of Cyprus,University of Cyprus
University of Dallas,University of Dallas
University of Dayton,University of Dayton
University of Delaware,University of Delaware
University of Denver,University of Denver
University of Detroit Mercy,University of Detroit Mercy
University of Dundee,University of Dundee
University of Durham,University of Durham
University of East Anglia,University of East Anglia
University of Essex,University of Essex
University of Evansville,University of Evansville
University of Exeter,University of Exeter
University of Findlay,University of Findlay
University of Florida,University of Florida
University of Georgia,University of Georgia
University of Glamorgan,University of Glamorgan
University of Glasgow,University of Glasgow
University of Graz,University of Graz
University of Guam,University of Guam
University of Hartford,University of Hartford
University of Hawaii at Hilo,"University of Hawaii, Hilo"
University of Hawaii-Hilo,"University of Hawaii, Hilo"
University of Hong Kong,University of Hong Kong
University of Houston,University of Houston
University of Hull,University of Hull
University of Idaho,University of Idaho
University of Illinois,University of Illinois
University of Indianapolis,University of Indianapolis
University of Iowa,University of Iowa
University of Kansas,University of Kansas
University of Kentucky,University of Kentucky
University of Lancaster,Lancaster University
University of LaVerne,University of La Verne
University of Leeds,University of Leeds
University of Lethbridge,University of Lethbridge
University of Louisville,University of Louisville
University of Maine,University of Maine
University of Manchester,University of Manchester
University of Manitoba,University of Manitoba
University of Maryland,"University of Maryland, College Park"
University of Massachusetts,University of Massachusetts
University of Melbourne,University of Melbourne
University of Memphis,University of Memphis
University of Miami,University of Miami
University of Miami Coral Gables,University of Miami
University of Michigan,University of Michigan
University of Minnesota,University of Minnesota
University of Mississippi,University of Mississippi
University of Montana,University of Montana
University of Montevallo,University of Montevallo
University of Navarra,University of Navarra
University of Nebraska,University of Nebraska
University of Nevada,"University of Nevada, Reno"
"University of Nevada, Reno","University of Nevada, Reno"
University of New Brunswick,University of New Brunswick
University of New England,University of New England Australia
University of New Hampshire,University of New Hampshire
University of New Haven,University of New Haven
University of New Mexico,University of New Mexico
University of New Orleans,University of New Orleans
University of Newcastle,University of Newcastle
University of North Alabama,University of North Alabama
University of North Carolina,University of North Carolina
University of North Dakota,University of North Dakota
University of North Florida,University of North Florida
University of North Texas,University of North Texas
University of Northern Iowa,University of Northern Iowa
University of Notre Dame,University of Notre Dame
University of Nottingham,University of Nottingham
University of Oklahoma,University of Oklahoma
University of Oregon,University of Oregon
University of Otago,University of Otago
University of Ottawa,University of Ottawa
University of Oxford,University of Oxford
University of Pennsylvania,University of Pennsylvania
University of Pittsburgh,University of Pittsburgh
University of Portland,University of Portland
University of Portsmith,University of Portsmouth
University of Puerto Rico,University of Puerto Rico
University of Puget Sound,University of Puget Sound
University of Queensland,University of Queensland
University of Redlands,University of Redlands
University of Regina,University of Regina
University of Rhode Island,University of Rhode Island
University of Richmond,University of Richmond
University of Rio Grande,University of Rio Grande
University of Rochester,University of Rochester
University of San Diego,University of San Diego
University of San Francisco,University of San Francisco
University of Scranton,University of Scranton
University of Sharjah,University of Sharjah
University of South Alabama,University of South Alabama
University of South Dakota,University of South Dakota
University of South Florida,University of South Florida
University of St. Thomas-MN,University of St Thomas Minnesota
University of St. Thomas-TX,University of St Thomas Texas
University of Stirling,University of Stirling
University of Strathclyde,University of Strathclyde
University of Sydney,University of Sydney
University of Tampa,University of Tampa
University of Tasmania,University of Tasmania
University of Tennessee,University of Tennessee
University of the Pacific,University of the Pacific
University of the South,University of the South
University of Toledo,University of Toledo
University of Toronto,University of Toronto
University of Tsukuba,University of Tsukuba
University of Tulsa,University of Tulsa
University of Umea,Umea University
University of Utah,University of Utah
University of Vermont,University of Vermont
University of Victoria,University of Victoria
University of Virginia,University of Virginia
University of Virginia Charlottesvil,University of Virginia
University of Virginia-Grad,University of Virginia
University of Wales,University of Wales
University of Warwick,University of Warwick
University of Washington,University of Washington
University of Waterloo,University of Waterloo
University of West Alabama,University of West Alabama
University of West Florida,University of West Florida
University of West Georgia,University of West Georgia
University of Windsor,University of Windsor
University of Wollongong,University of Wollongong
University of Wyoming,University of Wyoming
University of Zimbabwe,University of Zimbabwe
Uppsala,Uppsala University
UQ,University of Queensland
UQAM,University of Quebec in Montreal
UQaM,University of Quebec in Montreal
UQUAM,University of Quebec in Montreal
UQVAM,University of Quebec in Montreal
UR,University of Richmond
US Intl,Alliant International University
USC,University of South Carolina
USI,
USSR,
UST,
Utah,University of Utah
Utah St,Utah State University
Utah State University,Utah State University
Utah Valley State College,Utah Valley State College
Utica Col of Syracuse Univ,Utica College
Utica College,Utica College
Utica College of Syracuse U,Utica College
UTS,University of Technology Sydney
UWA,
Va Comm,Virginia Commonwealth University
Va Tech,Virginia Polytechnic Institute and State University
Valdosta State University,Valdosta State University
Valencia,
Valparaiso University,Valparaiso University
Vanderbilt,Vanderbilt University
Vanderbilt University,Vanderbilt University
Varna,
VASA,
Vassar College,Vassar College
Venice,Ca' Foscari University of Venice
Victoria,University of Victoria
Victoria Univ of Wellington,Victoria University of Wellington
Victoria University,Victoria University of Wellington
Vienna,University of Vienna
Vienna T,Vienna University of Technology
Vienne,University of Vienna
Villa Julie College,Villa Julie College
Villanova,Villanova University
Villanova University,Villanova University
Vilnius,University of Vilnius
Virg St,Virginia Polytechnic Institute and State University
Virginia,University of Virginia
Virginia Commonwealth Univ,Virginia Commonwealth University
Virginia Military Institute,Virginia Military Institute
Virginia Poly Inst & St Un,Virginia Polytechnic Institute and State University
Virginia State University,Virginia State University
Virginia Union University,Virginia Union University
Vrije,Free University Amsterdam
Vrije Universteit Amsterdam,Free University Amsterdam
VUT,Victoria University
VUT-Melb,Victoria University
W Austral,University of Western Australia
W Austrl,University of Western Australia
W England,University of the West of England
W Illinois,Western Illinois University
W Indies,University of the West Indies
W Mich,Western Michigan University
W Ontario,University of Western Ontario
W Sydney,Western Sydney University
W Virginia,West Virginia University
Wagner College,Wagner College
Waikato,University of Waikato
Waikito,University of Waikato
Wake Forest University,Wake Forest University
Wake Forest University-MBA,Wake Forest University
Walden,
Wales,University of Wales
Walla Walla College,Walla Walla College
Warford,
Warick,University of Warwick
Warner Southern College,Warner Southern College
Warsaw,University of Warsaw
Wartburg College,Wartburg College
Warwick,University of Warwick
Wash,University of Washington
Wash St,Washington State University
Wash U,Washington University in St. Louis
Washburn Univ of Topeka,Washburn University
Washburn University,Washburn University
Washington & Jefferson Col,Washington & Jefferson College
Washington and Lee Univ,Washington & Lee University
Washington State University,Washington State University
Washington University,Washington University in St. Louis
Waterloo,University of Waterloo
Wayne St,Wayne State University
Wayne State College,Wayne State University
Wayne State University,Wayne State University
Webber College,Webber International University
Webber International Univ,Webber International University
Weber State University,Weber State University
Webster University,Webster University
Wellesley College,Wellesley College
Wesleyan College,Wesleyan College
Wesleyan University,Wesleyan University
West Chester Univ of PA,West Chester University
West Chester University,West Chester University
West Liberty State College,West Liberty University
West Texas A&M University,West Texas A&M University
West Virginia State College,West Virginia State University
West Virginia State Univ,West Virginia State University
West Virginia Univ Inst Tech,West Virginia University Institute of Technology
West Virginia University,West Virginia University
Western,
Western Carolina University,Western Carolina University
Western Conn State Univ,Western Connecticut State University
Western Illinois University,Western Illinois University
Western Kentucky University,Western Kentucky University
Western Maryland College,McDaniel College
Western Michigan University,Western Michigan University
Western New England Coll,Western New England College
Western New England College,Western New England College
Western New Mexico Univ,Western New Mexico University
Western Oregon University,Western Oregon University
Western State College of CO,Western Colorado University
Western Washington Univ,Western Washington University
Westfield State College,Westfield State College
Westminster Cl of Salt Lk Ct,Westminster College (Utah)
Westminster College,Westminster College (Utah)
Westminster College-PA,Westminster College (Pennsylvania)
Westmont College,Westmont College
WestnCape,University of the Western Cape
Wheaton College-IL,"Wheaton College, IL"
Wheaton College-MA,"Wheaton College, MA"
Whitman College,Whitman College
Whitworth College,Whitworth College
WhuKoblenz,WHU Koblenz
Wi-Mil,"University of Wisconsin, Milwaukee"
Wi-Milwa,"University of Wisconsin, Milwaukee"
Wichita State University,Wichita State University
Widener University,Widener University
Wilfrid Laurier University,Wilfrid Laurier University
Wilkes University,Wilkes University
Willamette University,Willamette University
William Jewell College,William Jewell College
William Paterson University,William Paterson University of New Jersey
Williams College,Williams College
Windsor,University of Windsor
Wingate University,Wingate University
Winona State University,Winona State University
Winston-Salem State Univ,Winston-Salem State University
Winthrop University,Winthrop University
Wisconsin,"University of Wisconsin, Madison"
Wittenberg University,Wittenberg University
Witwater,University of the Witwatersrand
Witwatnd,University of the Witwatersrand
Wm Patterson Univ of NJ,William Paterson University of New Jersey
Wofford College,Wofford College
Wollong,University of Wollongong
Woodbury University,Woodbury University
Worcester Polytechnic Inst,Worcester Polytechnic Institute
Worcester State College,Worcester State College
Wright St,Wright State University
Wright State University,Wright State University
Wsrtn Cape,University of the Western Cape
Wstrn Ky,Western Kentucky University
WU,
Wyoming,University of Wyoming
Xavier Univ of Louisiana,Xavier University of Louisiana
Xavier University,Xavier University
Xiamen,Xiamen University
Yale,Yale University
Yale University,Yale University
Yarmouk University,Yarmouk University
Yeshiva,Yeshiva University
Yeshiva University,Yeshiva University
Yonsei,Yonsei University
Yonsei University,Yonsei University
York,York University
York College of Pennsylvania,York College of Pennsylvania
York U,York University
York UK,University of York
York Univ-Atkinson College,York University
York University,York University
York-Eng,University of York
Youngstown State University,Youngstown State University
Yuan Ze University,Yuan Ze University
Zkzk,
Zurich,ETH Zurich
